SKU,PRICE
W3012,141
W301224,154
W3612,162
W361224,194
W3018,171
W301824,185
W3618,194
W361824,211
W2424,194
W3024,217
W302424,237
W3624,245
W362424,271
W0930,121
W1230,138
W1530,156
W1830,173
W2130,190
W2430,221
W2730,240
W3030,248
W3330,266
W3630,283
W3930,298
W4230,326
WR1830,150
CDW2430,311
WBC2430,249
WBC3030,265
WBC3630,283
WC2430,249
W0936,142
W1236,161
W1536,180
W1836,200
W2136,219
W2436,256
W2736,281
W3036,295
W3336,314
W3636,333
W3936,352
W4236,367
WR1836,170
CDW2436,325
WBC2436,257
WBC3036,276
WBC3636,295
WC2436,275
W0942,164
W1242,186
W1542,207
W1842,228
W2142,250
W2442,295
W2742,326
W3042,346
W3342,366
W3642,387
W3942,401
W4242,417
CDW2442,341
WBC2442,278
WBC3042,292
WBC3642,311
WC2442,300
WMW3018,108
WES1230,79
WES1236,90
WES1242,131
AW1230,151
AW1236,170
AW1242,192
WDD1230,55
WDD1236,64
WDD1242,78
WGD1230,85
WGD1830,119
WGD2430,186
WGD3030,232
WGD3630,294
WGD1236,112
WGD1836,129
WGD2436,243
WGD3036,258
WGD3636,321
WGD1242,126
WGD1842,160
WGS2442,301
WGD3042,313
WGD3642,356
CWGD2430,125
CWGD2436,145
CWGD2442,166
B09,174
B12,222
B15,245
B18,263
B21,286
B24,319
B27,336
B30,382
B33,428
B36,448
B39,466
B42,489
DB12,313
DB15,344
DB18,375
DB21,406
DB24,444
DB30,516
DB36,581
SB27,277
SB30,286
SB33,305
SB36,321
CSB36,363
LS36,480
BBC36,358
BBC42,381
B30MW,248
AB24,229
BES12,149
BDD24,115
VSB24,286
VSB30,310
VSB36,340
CVSB30R,422
CVSB30L,422
VDB12,403
VDB15,435
VDD3021,210
UC1884,728
UC2484,842
OC3384,1031
UC1890,765
UC2490,875
OC3390,1075
UC1896,804
UC2496,919
OC3396,1118
Sample Door,32
DWR3,87
REP396,217
3/4REP96,184
REP39630,248
BF3,30
BF6,64
WF342,38
WF642,80
TF396,78
ROT18,128
ROT24,144
ROT30,160
ROT36,176
BTC18,474
BP4896,145
DBP4896,234
TK8,43
LR8,92
VAL48-A,121
SM8,21
OCM8,27
ICM8,35
Shoe Molding,19
Base Molding,152
CORBEL-A,143
LEG-A,174
LEG-B,165
CM96-A,87
CM96-B,151
